,0,1,target
0,0.15318441316286824,-1.0131559542744946,1
1,0.8761019908953973,0.9802906857109058,1
2,0.6773761865564544,0.060853723233318724,1
3,0.6979913653853675,2.2073699817713446,1
4,1.3067384198202636,2.383625554661651,1
5,2.031102870953884,1.8052739978808996,1
6,1.1756662563882339,-0.057928516860926815,1
7,-0.5345733106691128,-0.7647938154494658,1
8,0.7931841286435398,0.8048154532013285,1
9,-1.0007038420961205,1.2859772379298449,0
10,0.37611619282794,0.5149123926338222,1
11,0.5399987231358547,0.6516479294434265,1
12,0.9956264630979232,0.37170799199812454,1
13,0.4200494739364652,0.9531937491351326,1
14,1.5771339130690247,1.697695024594783,1
15,0.7715910440758207,0.18703971994288449,1
16,-1.2747611396871625,0.6450932753697937,0
17,-0.5615321291854376,0.2351867393467988,1
18,0.48465987060507454,0.3719757813118325,1
19,1.875468789325458,2.091135048078103,1
20,1.3290785899230149,1.1288631561553,1
21,0.32770003495026384,-0.5257359237113874,1
22,1.1450624346487757,1.3281898863311636,1
23,0.29881708347253544,0.7830156181023713,1
24,0.28136528394194316,-0.373718416251132,1
25,1.7569657141540018,1.2899511956341807,1
26,-0.26739568040695016,1.5360411036064794,1
27,0.8527805952926497,1.4428336349263415,1
28,1.5827716887814574,2.656070679731639,1
29,-0.2892443940745557,-0.052462368397564796,1
30,1.025082126788032,0.9880778306243384,1
31,1.8940492751565676,2.1442193045506976,1
32,0.567699024215959,2.062739498557579,1
33,-0.23915745947495548,-0.5766017618680275,1
34,0.690495329591399,0.7444448189784142,1
35,-0.08179764103785825,1.0015444595386198,1
36,0.1252611248824026,-0.23547705461438362,1
37,0.7640470593531071,1.0304911284423934,1
38,-0.4159017130037679,-0.3231541182278188,1
39,0.6560449971289088,-0.05688704650279408,0
40,1.429603414362031,1.6911699679646313,1
41,-0.0016839322781171395,-0.4169617795862022,1
42,0.8148778394354174,0.647141643311781,1
43,1.1131301945896375,2.5348649209989373,1
44,0.32927272248288475,-0.01681204249708934,1
45,0.35016037382930265,-2.060359071130712,1
46,1.2813892212233382,1.1964411920818863,1
47,0.7470917720805655,0.020792528519472553,1
48,1.392634546314902,1.496131171555049,1
49,0.44198508764636274,2.5044225537693316,1
50,1.6751642238568611,2.4629938941843204,1
51,-0.39430425900989663,-0.09938529056644763,1
52,0.729231376293548,0.7387168615009646,1
53,0.7265980814934926,1.5250338883886245,1
54,0.9918091265467835,0.4397640801133789,1
55,1.950276321974611,2.214428924312762,1
56,0.3403871254783742,1.6284508531425395,1
57,1.4468564092142373,-0.705569323946023,1
58,-1.106420689402811,0.9832070590588222,0
59,-0.04543957599969328,1.578109234744271,1
60,1.1952269459676388,1.5575356673624596,1
61,1.2466597791080376,1.7232048807794682,1
62,0.27291469966945525,-0.24423992311686993,1
63,2.000540543355175,1.1090002681799978,1
64,-2.377990456425768,3.1017537907641364,0
65,1.0475836589684344,0.8048206358223162,1
66,-0.21405693113162316,-0.6141758825169998,1
67,0.5474683305083029,-0.13899590800174588,1
68,0.03761438054630517,-0.5332273741063815,1
69,-0.031409568683430256,1.0724280275270717,1
70,-0.4798165631034468,-0.11376566201436311,1
71,1.8278855995554186,2.0315414891829624,1
72,-0.03592915385747886,-0.31565949306647756,1
73,0.7415031989676675,2.3940276402287637,1
74,-0.2937859283537081,0.6608681626429588,1
75,0.3349709432281239,0.4181792984528409,1
76,1.8600065021617294,1.4883801875565088,1
77,1.2579013701767474,1.6385364625453205,1
78,1.6841395952275837,1.656759964168446,1
79,1.1695059865047035,1.1716329953008837,1
80,0.06915756899923897,1.1944328957974701,1
81,0.8474774276035903,1.1011723321897966,1
82,0.5984286831731072,0.7676268658576402,1
83,1.1730549273857491,0.5262787228733172,1
84,1.8946489130971738,2.233643279931127,1
85,0.7499242472573939,0.8054625054396387,1
86,1.5455070646514442,0.6572048740881424,1
87,0.29988474345351845,0.3312148119663023,1
88,0.12247754625952767,-0.12987269859550432,1
89,0.24928593737673477,0.6059366723418522,1
90,1.006988134345538,1.1540179150988963,1
91,0.36475449390605136,-0.3168751411965083,1
92,2.5962118219257526,1.1533363748986902,1
93,1.0509714177342029,0.4144329603841428,1
94,1.2068104783172746,0.6029763856848182,1
95,-0.05630796296262297,-0.8670751476433642,1
96,-0.061156182757874156,-0.6746967509338531,1
97,1.3549905936543378,1.3836477090777,1
98,0.5854351066940923,-0.04082996333695155,1
99,0.42360334918363246,-0.792822035597686,1
100,2.458027139482246,0.9571797410590752,1
101,1.4900188163106445,1.532045169178508,1
102,2.1557611313341005,2.089738126188171,1
103,1.8530309425999056,2.6633145672758696,1
104,0.8182325014282862,0.4319532464100865,1
105,0.628427664873271,-0.9432818946645714,1
106,0.8845725621373648,0.8770489730022359,1
107,0.06436789936723042,0.028419483000836854,1
108,1.939679438881278,1.4795488280295206,1
109,0.8828417801311366,0.8409087864269753,1
110,1.0134791823725202,0.3077469223919744,1
111,1.625818405518714,2.8980953171500303,1
112,0.90966622676248,1.0065201321721835,1
113,-0.2691216995073489,-0.6290422649705807,1
114,-0.3205343808145613,0.7340544319081554,1
115,0.08933990682769244,-1.1619687709884436,1
116,1.7055158229044622,2.3229506048201705,1
117,2.673664608854546,1.6442228677273314,1
118,1.8691950703647944,0.8383833949993003,1
119,1.4440955579086756,1.983225759578367,1
120,0.7693405475229713,-0.5210168887438051,1
121,1.0548002349431345,2.3128344063687645,1
122,-0.49929447437971924,0.37210239478387974,0
123,0.28443602863938344,2.7378784794429722,1
124,0.40156270978090575,1.1249246986944312,1
125,0.3728511277258943,1.4608087599712034,1
126,-1.7398431160678727,2.1573747781265196,0
127,1.882146405738229,2.137143836603369,1
128,2.1166387496455816,0.4133164512473698,1
129,1.0936644428097682,0.6938184300158352,1
130,1.2834087712237432,1.4503378059699465,1
131,0.3244870006219118,-1.9942813247728413,0
132,1.181320214630209,0.35044025638111465,1
133,-0.30634235076040706,-0.610319696901493,1
134,0.9083303180465703,0.24562739010092283,1
135,-0.2110203502990302,0.6579481506293463,1
136,0.19246190776900618,1.184898040938419,1
137,-0.3533413255781186,-1.0841445365455178,1
138,0.1781044792957739,0.9209562643837493,1
139,0.06249650547464636,1.4369116238701762,1
140,-1.1059669789558815,1.623534388238831,0
141,-0.23559662530604053,-0.05255049421538582,0
142,1.9094046920021428,1.9787124372178921,1
143,0.6152253748571124,-0.4996353082591529,1
144,0.9384535579889736,-0.21634127321644958,1
145,0.49046495664850287,-0.0704991215125762,1
146,-0.2594286196501754,0.9581902797083636,1
147,1.0222048573573173,0.9060201214667667,1
148,0.64902352519169,2.8691719942563125,1
149,1.3890893195609104,0.9705229940925791,1
150,1.2612355684916574,0.8634695367284524,1
151,2.208660363769492,1.9138961581893368,1
152,0.973647902740145,0.4911126638029659,0
153,0.05743041101192026,0.3558118543509459,1
154,2.0986121684309373,-0.42146061030860005,1
155,0.8176095479194667,1.0889561259466225,1
156,1.0139882261654374,-0.18186742001362632,1
157,0.5648031295034687,-0.2857059570521814,1
158,0.5817085094488067,-0.18233600658218707,1
159,-0.16801729137538102,-0.3650852905816804,1
160,-0.44533463773880455,-0.3579409641792728,1
161,0.43536139642642446,0.5655050159238784,1
162,0.8986510601201473,0.14034137839096572,1
163,1.1902517132343005,-0.24102406580920777,1
164,0.5028354396651948,0.3284280974817457,1
165,1.7615680786901657,0.8270375141742252,1
166,1.5900590412895699,2.1099316753049506,1
167,1.8250051318755054,1.8192382099114877,1
168,0.7819319820656434,0.7338204578891742,1
169,2.0032972671566482,1.7136604434586773,1
170,-0.6914116898032259,0.9499872474459965,0
171,1.143361280516293,2.24238024168167,1
172,0.08335879584260841,0.8340640836525399,1
173,1.957433057919125,1.6119400653358784,1
174,0.4934000108421752,1.2316643596361097,1
175,0.5004413988347338,0.1424702168979115,1
176,1.01892274675405,1.0446769231760609,1
177,1.4139538992808562,1.5941402852614033,1
178,1.037880240169011,1.3071095063343812,1
179,2.0732124680932023,1.8912685953456825,1
180,1.0428376386175475,0.3117782007612395,1
181,0.994427912309596,1.1159703342688705,1
182,-0.895228897556048,0.009736232341507889,0
183,-0.7707743239829115,-0.971112249358085,1
184,0.383447242435166,0.18640216592683434,1
185,1.7656911605706522,2.1612628121635535,1
186,-0.20667502451639064,-0.7231343106527903,1
187,0.8802689679502798,0.9002107845249822,1
188,0.9611675718618103,0.7778451844811933,1
189,-0.40905132771895697,0.9760763699060659,0
190,0.5607549613789256,0.27397211208508887,1
191,1.666513164615129,0.5805672218788093,1
192,1.3176331817342013,1.347190250249633,1
193,0.5532936463803708,-0.019272685331079953,1
194,0.8566707436165777,2.697249445975226,1
195,-0.0629109387737582,0.3121654927490065,1
196,0.8291949600160875,0.40555110314798565,1
197,1.6278547328693678,1.5460272272408297,1
198,1.269448133519701,2.0600509082844667,1
199,0.06548437908249327,0.2159503785845821,1
200,-0.8397374020253776,-0.1938332665028215,1
201,1.537527830677514,1.939565724576431,1
202,-0.371833056359568,-0.08018995255478512,1
203,0.3862395380564429,0.36651790042997434,1
204,0.5376893656978547,0.2536417218598159,1
205,1.9361711197339975,1.3263485694169348,1
206,1.496558239491426,2.083173301852205,1
207,-0.25226728673683696,-0.15296741635900568,1
208,-0.7209621734019673,-0.21894435047629668,1
209,0.6709746388869782,1.1826700741520237,1
210,1.2888839083645247,1.2733437615520338,1
211,0.792795344036981,1.493285372022347,1
212,0.0897224179375955,-0.015140990423501921,1
213,0.6745327218890396,0.7916371828210891,1
214,-1.027483686138852,2.252169938613622,0
215,0.4343362039998607,1.278743668289529,1
216,1.375237553967986,2.799293733184595,1
217,0.8962809981955644,1.345192315169843,1
218,1.3313891977268697,1.4016815679041015,1
219,-1.1530812268777388,-0.8098172629644196,1
220,0.27565699805839106,2.4559633340537514,1
221,0.7450480222444207,1.3027045122950518,1
222,0.5214586681954301,-0.08070609830153974,1
223,-0.053536321369390016,0.2757121129002451,1
224,-1.106995301577944,1.595842636185905,0
225,0.31287359312843593,-0.16503560008349205,1
226,1.5343870529800625,1.9381460722829036,1
227,0.026451718108728595,-0.08827673789017199,1
228,0.8804186087223664,1.1659492778286074,1
229,1.2419256985738896,1.737587685578669,1
230,0.5680982658975191,1.4429092782054909,1
231,0.6960701566481132,0.18401835798896127,1
232,0.7396798740650415,0.5203285529542744,1
233,-0.406655992231131,1.1578626905674876,1
234,0.8699569713704818,0.5566096063842831,1
235,-0.2236468389918269,0.3583032245489099,1
236,-0.3081864121623311,1.0710316019844504,0
237,-0.18897421623416744,-0.011516486630315126,1
238,1.241172736751023,0.9836501304841483,1
239,1.7072346128960967,1.9255554126298116,1
240,1.387344682863537,0.9430770589678291,1
241,-0.29861100773577876,0.15566039298548462,0
242,-0.5894546933375582,1.2206348209734492,1
243,1.6456711848259808,1.9165114808117616,1
244,1.0443653286836658,0.7471615887622198,1
245,1.2862546686457066,1.3480459493540264,1
246,0.6239881454991686,0.5628717783305427,1
247,0.386220191175705,0.5084457488252433,1
248,1.8270646442381027,2.219405831032214,0
249,1.1184269645256641,0.57295005702908,1
250,0.7325593908547002,2.1967140179328704,1
251,0.5208192241821461,-0.714996257436942,1
252,-0.4305956428768436,-0.3470416712034974,1
253,0.3503885585861699,-0.1512998028062813,1
254,1.4538480224473607,2.9805553711852397,1
255,0.3555107474865648,0.3220501573564937,1
256,1.769200613703932,1.6877079081026123,1
257,1.0785938559567203,0.14252482003649158,1
258,1.6127529917190504,1.1333513634904455,1
259,0.24275916524891905,0.8341769434250411,1
260,1.535975439098125,1.1984507952006787,1
261,0.33434389175989976,-0.31103401986555324,1
262,0.5672998888413792,1.024022719339607,1
263,1.518989414474715,2.048344823314764,1
264,2.0333602259717107,1.5279646522362604,1
265,0.6018568231472676,-1.1616595751310572,1
266,1.7679728161322403,0.032390870562377216,1
267,1.1173187793845099,0.03685086285173278,1
268,-0.9403493896736798,0.5104496763875243,0
269,-0.9317887958028579,0.4678200091601879,1
270,0.6555008673913445,0.5808216870349512,0
271,-1.9797519232349974,1.669316871010754,0
272,2.178212300366108,2.8820502757556925,1
273,0.37952822860596636,-0.13864843409117034,1
274,0.665434303009121,0.0647569498625199,1
275,0.1892496580397217,0.7163824534878608,1
276,2.038008290501752,2.749174517423757,1
277,-0.04747136138414432,-0.045231283976254866,1
278,1.1383545722712958,1.529662673986331,1
279,0.04272900537157476,2.048278617964616,1
280,0.4456022093976008,-0.3528098100243864,1
281,1.5917757220100799,2.099896265335923,1
282,0.7333036518924364,1.1886517852902512,1
283,0.04983709114424484,1.3885595370927661,1
284,0.1852274685221441,0.7444928346302188,1
285,1.7061966554508374,1.6424895018656236,1
286,1.224612691987417,1.104220515938743,1
287,0.33394716131968816,-1.08196517690799,1
288,0.9113540451282592,2.122975134299163,1
289,-0.011205857176779022,-0.3194680825532794,1
290,1.0686171657241172,0.20577126360256093,1
291,1.0589498834406044,1.2880169814677949,1
292,0.6289305179745819,0.7540259589862021,1
293,0.45504802944385964,0.15440323789149657,1
294,-0.3880072356742628,2.298707147194566,0
295,2.191015750144108,3.000701736809768,1
296,-0.1422901411267462,0.9981182144704559,0
297,1.8194157483063291,0.9125859008992632,1
298,0.028926093658916407,0.4295752286672183,1
299,0.48567840163681125,-1.2841618324435837,1
300,0.44225496348414245,0.545806325375088,1
301,1.2079708514646614,1.0392201723036416,1
302,0.3166872145928378,-0.9725064797100176,1
303,1.0323899860102632,1.5957398963778293,1
304,-0.2182873646782575,-0.05946104210353964,1
305,1.29364198333186,0.4160079225137965,1
306,0.7807891249543563,1.401188214500548,1
307,0.9922533271352704,1.171413728176267,1
308,1.3903596758479746,1.2984076743529955,1
309,0.21326349009096335,0.6022963653450292,1
310,-0.4817917615358789,0.37513443746460035,0
311,-0.2781366601825177,-0.07333907604991041,1
312,-1.712057753357799,1.773113738993915,0
313,-0.81825579947774,-0.9524622620892687,1
314,0.8182321665574394,-0.48441718661668176,1
315,0.8629652407680605,0.5794079163700662,1
316,0.7663324504391863,0.4528582173945255,1
317,1.1523554370403608,0.19663344677851136,1
318,1.6400673989159744,1.6456035146018568,1
319,0.9848982321664755,0.6836566895478966,1
320,1.9513485335531817,1.8057888976715262,1
321,0.9228792585945997,0.2051791982924679,1
322,0.48946244706786723,-0.13419720152124115,1
323,0.42563656469152994,-0.19902160839901428,1
324,0.1961636068646596,0.3813447310141088,1
325,-0.11599619411545714,-0.48191290879062043,1
326,0.6046937289879502,0.3178849586094738,1
327,1.2013192476223482,1.7037504976752942,1
328,1.2827849137253045,0.05999505446181419,1
329,1.5393889712040165,0.6321834011640941,1
330,-0.5015201179887905,1.720367256454038,0
331,1.294419203399372,1.7111666107158299,1
332,-0.5229381290810657,0.17872455466717163,0
333,1.0168572209416458,1.6920084304083105,1
334,0.5545956385841389,0.019796409745741594,1
335,0.7152255872792583,-0.6806462844166807,1
336,1.8517176066734187,0.9353265262861721,1
337,-1.3984585351118928,1.7309467444052862,0
338,-0.3357761130795225,-0.2261210399185125,1
339,-0.18470292278940492,0.36556327762707025,0
340,-0.022379407117264716,-1.4125245843615468,0
341,1.442380653910923,1.5810689959498392,1
342,2.37295032943341,1.5478580378856641,1
343,-0.05766098676761222,-0.4309295471690484,0
344,0.2009834217259303,1.1089798329262601,1
345,1.4114081021006233,1.4352269345900162,1
346,-0.6210268580246623,-2.11095195728487,1
347,1.4993793867471576,1.537445475255932,1
348,-0.4566933753286228,-0.062036160501964366,0
349,0.860123970587185,0.48705585817014485,1
350,2.282698384704479,3.450638219649762,1
351,0.6590611844455458,1.0950472000082563,1
352,0.12802389284517135,-0.07150574396416454,1
353,0.9226918996367942,0.24418999482761006,1
354,1.2933031846411736,1.4723446007905432,1
355,0.5674347204619274,1.0965590881304146,1
356,0.10069364841250505,0.7971232347810974,1
357,1.3156770405871563,2.4391221369387597,1
358,-0.1815690972767373,0.004137976373528862,1
359,1.0004959302263083,1.0294078415635906,1
360,0.8604355524057681,0.8122644920091255,1
361,1.1911587795291458,1.3587570689748731,1
362,1.535186884139125,1.3391860265606321,1
363,1.1354995044768517,1.5400616105706952,1
364,1.6529822966827574,1.9875372999695124,1
365,0.5065988133083328,0.43838392205807886,1
366,0.7271245321115463,0.18631092325675436,1
367,1.209497506697672,1.446159177561345,1
368,0.4270376224273865,-0.5739462049854034,1
369,0.018236811366499017,1.0080824345378576,1
370,1.7951631483653454,1.4709669727740757,1
371,0.010126195114671832,0.7105979638467029,1
372,1.2212135026436073,1.5985320841197015,1
373,0.4541439031642143,0.5439750548356679,1
374,1.4407602533036998,1.5800156889831956,1
375,0.9278421492218012,1.776467089623253,1
376,1.4892337484794278,1.8156751417336792,1
377,0.5338801171219333,0.7412976776532633,1
378,-0.5927649780998636,-0.23074813497944668,1
379,-1.210081274467624,2.2163829074369863,0
380,1.4729994524340033,1.0447354688794561,1
381,0.6820499826195601,0.36274378262015156,1
382,0.8636187127571654,0.5472147307253319,1
383,0.0005564946856633224,1.642988607963044,1
384,1.1688409789887726,1.5094618623349207,1
385,0.8962614979914841,1.0251174472724682,1
386,1.6540254284033897,2.183355971324975,1
387,1.3088077224809656,2.2404570411138405,1
388,0.6620120206618132,1.0810731651094043,1
389,0.9108213562251983,1.4856969476346427,1
390,-0.12857776236022578,-0.4764792786224319,0
391,0.5604475733114401,0.2766647147500422,1
392,2.2929005115516476,2.815144126145075,1
393,1.6434999051477703,1.9841365022376902,1
394,-1.885329722011267,2.1896437587234185,0
395,-0.24178152181704027,1.1671218314872263,0
396,0.7735959578167565,1.0966452783986802,1
397,0.5558001876803697,0.38804135560132674,1
398,1.6542455165877594,1.8241625219559905,1
399,1.8776346239757866,1.4399185139401345,1
400,0.9561664678345085,1.7256458989361811,1
401,0.10153913540420445,0.6584502292325883,1
402,0.8223859427838658,0.7891141984115515,1
403,0.42325302396990255,-0.0655459882067575,1
404,1.7670914784709657,0.49434873674173885,1
405,-1.7786785386509718,0.39255628119188185,0
406,1.9022560464667588,3.7673492083899207,1
407,0.5591400770950835,1.7217648964907413,1
408,0.07904267506018214,0.08594253058679613,1
409,1.419813110620543,0.8145353121742805,1
410,0.5576046980545717,-0.49387702275497025,1
411,0.29031846518341675,-0.7296177492741904,1
412,1.2455962028049643,2.414606963099496,1
413,1.2208968525779542,0.5170324674331476,1
414,-0.9176105620112216,0.01807012581162515,1
415,1.5069270542060789,1.939821626645697,1
416,0.7855826349553188,0.4510629782191222,1
417,0.3215556624952879,-0.25226938710736313,1
418,1.056201861185186,0.7541616262748617,1
419,0.5560675561265987,0.7846753039322857,1
420,0.8431455378252593,1.65003989815665,1
421,0.726152908660215,1.7406541841921572,1
422,1.1334441290214556,1.2569217388334368,1
423,0.5143898775298821,0.7983235522758004,1
424,0.07036628965663971,0.3296717946405707,1
425,0.02727575912302571,-1.8526322054699145,0
426,0.6523904553879998,0.7450976441995671,1
427,1.488854948085423,0.6439952490151399,1
428,0.9358812660387178,0.3159891234729697,1
429,0.0466883554447417,0.12585645251358912,1
430,0.9422797163573126,-0.2512978262275376,1
431,1.451870871071956,2.7945435082819605,1
432,1.090942085420494,0.9589152812209673,1
433,-0.4360505202068372,1.185699621072465,1
434,1.0105800683970834,2.2594183352506274,1
435,0.052063287159682226,0.5586159163397298,1
436,1.5735491037476756,2.585736284485739,1
437,1.5995621953940713,1.6384348412538583,1
438,0.2659367522740518,-0.764330419135486,1
439,0.4422824664997721,0.13483301311090579,1
440,-0.6716049776089571,0.11746034645305936,0
441,0.14321284346530694,0.3190597137833701,1
442,0.6332402334472632,1.6752618266356003,1
443,0.25086514248135516,-0.10516984876791202,1
444,0.7136860171911406,0.07775679216685505,1
445,1.3307387890993794,2.150136975003031,1
446,0.7482379429848898,0.8735567059008111,1
447,1.1270158527439773,0.12425689171319343,1
448,1.1498245409818284,0.5279042399691871,1
449,0.7193601085453685,1.2865869578119264,1
450,1.8289228357357368,2.1249612491249463,1
451,0.5925304745219309,-0.6484461666983881,0
452,1.780967901641071,2.5874903513572463,1
453,1.2361844641875552,1.354775736105882,1
454,-1.4904750739948591,0.10617535446847115,0
455,1.827427309475442,2.6460099260035292,1
456,0.049937306982737906,0.6822818622179708,1
457,0.5391397915140255,1.1637766140419847,1
458,1.1349965005255749,1.7866884362927498,1
459,0.5379400521589701,1.9243088291076393,1
460,-0.5096198888922026,0.7911524361390772,0
461,0.6803978457777483,1.5154250428826395,1
462,-2.042392668542547,2.8393579018085253,0
463,-1.8470135314656209,0.17175544211651717,0
464,0.13265440154750496,0.8088583178691802,1
465,0.6420109523829683,0.24052999799271524,1
466,1.1728869643166315,0.7567813909815576,1
467,0.6414905155765451,1.2443362799140856,1
468,0.24407495943518553,-0.6012843480381347,1
469,-0.6954858215443045,-0.023960052112033337,0
470,-0.7184233765027446,-0.15553816741444104,1
471,-0.09286156895961384,1.02640639872179,0
472,2.3667423947007906,2.1588373223575488,1
473,1.421430225676705,0.7020619891771724,1
474,0.3019473994494947,0.4808757060945003,1
475,0.6963769343637232,0.1757332292013335,1
476,0.7699994957949177,0.9074131635516073,1
477,1.3259594355719315,0.9075048083237148,1
478,0.7913356836722164,0.0820652549092753,1
479,-0.07397501160018483,-0.44317969154112613,1
480,0.7102592411002062,0.15574121962070797,1
481,-0.2844296493200029,0.11353917234735755,1
482,1.505809464171436,1.8834377714546715,1
483,-1.4538298370084082,1.2403201003579927,0
484,0.03587343577833968,0.623563813330354,0
485,1.9853179128870218,1.2118934938913908,1
486,0.5880766188613586,0.6229095255369677,1
487,1.1225444549691215,1.8477904127326388,1
488,0.5797571525859045,-1.5308964298785714,1
489,0.9524058293086293,2.005369318558704,1
490,1.031154690790886,0.7492918985602184,1
491,0.5893969899719023,1.0409289635370933,1
492,0.8828125111377692,1.7839849117015278,1
493,-0.37246187744499437,0.7614927692399026,1
494,1.4683024572937766,2.035369699551455,1
495,-0.18836787906885766,0.11297819047090873,1
496,1.0752940597948637,1.2161922796661608,1
497,0.38777749137294787,0.4633358186319678,1
498,-0.13856089930676696,0.5853236249967673,1
499,0.37957912772881025,0.1939367793421949,1
500,0.8990675663573621,0.2763195749753794,1
501,0.37709411713277685,1.4767815548513135,1
502,0.45925918924418346,0.8777637245257552,1
503,1.1622322990929548,-0.007036464031521139,1
504,0.38921371171420027,-0.20587197501181587,1
505,1.874878308811499,2.888036710894802,1
506,1.4856960957200216,2.285655019755933,1
507,0.4127415513239744,1.9288441163044732,1
508,-0.07039959917412919,-0.0738232060878915,1
509,0.566730407344026,0.485853183269745,1
510,0.17295522024057208,0.253071031747528,1
511,1.1806326230473485,1.4884094699452053,1
512,0.3765216739252294,1.8248586693304742,1
513,0.9810397733455318,0.8571311015382235,1
514,0.8449919929144235,0.8031717921775112,1
515,1.3862651525764131,1.1388150812589417,1
516,1.5455844400497205,0.6068198754827441,1
517,-0.431498290759627,-0.1995310991581135,1
518,1.0693774997864085,1.42887266928006,1
519,0.06396234633127329,-0.8522972126377157,1
520,-0.01565879975760298,1.0212364798602052,1
521,1.6055593961547345,1.5203527574809876,1
522,1.145175278159754,1.8532328002951097,1
523,0.8513653674623681,-0.05988407610111568,1
524,0.0695271671926031,0.45307479904451764,1
525,0.8274546251889827,-0.5989535969015494,1
526,2.0101174743867096,1.3962204969797862,1
527,0.09575694740544327,0.1279815473292708,1
528,0.2852132088245477,0.610827952406608,1
529,0.7610694769294316,1.2987846325838117,1
530,-1.284489967159435,1.9577525715027573,0
531,0.29985057672995064,0.811706770506661,1
532,0.30459440477423033,-0.2652478456734999,1
533,0.8699314057654748,1.5372431301423792,1
534,-0.7681183983265513,1.0019235570784177,0
535,-0.29699179979482704,0.7590683136946339,0
536,2.822630463830749,2.5958587758771325,1
537,0.49321442141805394,3.0448683257901417,1
538,1.4894773640386223,1.8501375606770152,1
539,1.383343147105133,1.4456018335621896,1
540,0.9324908315575738,1.7813085689982295,1
541,0.810226293548801,-0.1872724034920391,1
542,0.7985623282361385,0.04755279603970464,1
543,1.3323735405153903,0.05297879654558224,1
544,-0.8037749465888605,1.1473670260073678,0
545,0.892452449894663,0.52703804269139,1
546,1.1386128959207527,-0.09886849469635606,1
547,0.8547212159917014,0.818743242804969,1
548,0.9406703329457169,0.8390286094064714,1
549,1.6617457235676094,1.4536735420889886,1
550,0.19639516271797264,1.2021391854884356,1
551,0.03326441704427763,0.1606250536802889,1
552,0.8274046458770997,0.060166650751267925,1
553,-0.33712731414231345,-0.09434063984883512,1
554,0.5496304000036265,-0.49639308690984696,1
555,0.03106445153648385,0.4269263550271202,1
556,0.1972381212584038,0.18256773523404846,1
557,0.8385226349720429,1.089704064665461,1
558,1.3184005665845182,0.41483166960678386,1
559,1.4589622683459793,1.243032679796763,1
560,0.3283959063801954,-0.27048147317992455,1
561,1.0781430311278133,1.090324916059271,1
562,0.09154945148447668,0.4849733870274088,1
563,1.1199713384327006,1.335012352338874,1
564,0.9853114387364016,0.31974441708077606,1
565,0.5847538123322957,0.9906908951743841,1
566,-1.050447394231421,1.3511163263887944,0
567,0.811532535426027,1.3386711293970985,1
568,0.21980444727846737,1.0113569422071937,1
569,0.6661436970002164,0.5213524609617839,1
570,0.7363209471519714,-0.3199368200648569,1
571,0.5268296728132458,0.19498884508852987,1
572,0.7856182776296893,-0.28639768550929023,1
573,-0.2657715287948934,0.30457947073043135,1
574,0.30714899241904264,0.20928886207034192,1
575,0.748699557355927,0.8890247813990471,1
576,1.4152627248620289,1.3648200305943932,1
577,1.7930560021797772,0.2882447656455098,1
578,0.5268252573171578,0.5495480484137123,1
579,-0.4207297772086245,1.6905148604812652,1
580,1.0659950935038511,1.1741712774972464,1
581,0.8698442120797742,-0.28340144173523063,1
582,0.4124853149636601,-0.3396517963475487,1
583,0.6274559202169231,1.1675468123993804,1
584,1.4556024815072535,-0.026589059919602476,1
585,1.2656423458015347,2.0626617466279855,1
586,2.0719423301160216,1.5823022696334865,1
587,0.7142245305843538,1.3968562303628986,1
588,1.5135925595474586,1.6779679506004208,1
589,1.7168061494447342,1.4266712251845877,1
590,1.5277164231892064,1.6750030899427664,1
591,1.283795949829336,2.260348828667873,1
592,0.7468980229225475,1.293280253509522,1
593,0.36698487128559565,-0.6362289021260148,1
594,1.056688805823875,2.2832190298432584,1
595,1.4710596259749078,2.5518771391440493,1
596,0.8386199195258377,0.6431087573592101,1
597,0.7170200678403107,0.6148705626759758,1
598,1.299888076628998,-0.762490847514407,1
599,0.1714912153006476,-0.3936887244067586,1
600,0.3440806723748778,-0.4025826476282044,1
601,0.7702095472979247,1.1249877828869432,1
602,0.011806319526516229,-0.31927965758071974,1
603,-0.11494430234410391,0.07203404799111568,1
604,-0.2954122483952424,-0.01479670799422006,1
605,0.7617414436850529,-0.7285934035520336,1
606,0.8875140906644629,0.16988956708446556,1
607,0.7863562330092865,1.160903419572391,1
608,0.1842787700012658,-1.145819098938119,0
609,0.8909526339867,-0.2131842318382995,1
610,0.46688245633872355,0.40864541499508583,1
611,0.9502380569260748,1.452873251015424,1
612,0.8395858698118125,0.5969638758025946,1
613,1.3835737441410487,0.32251680912293684,1
614,1.7528510299357032,2.3210604106008095,1
615,0.7285256467475885,1.0521062182807386,1
616,1.7028874484466925,1.4227425847857929,1
617,0.40831781055199046,0.9888580162008105,1
618,0.7594225537836597,1.5224266064991032,1
619,0.9578932131280848,2.1932148530811153,1
620,0.9653864606725417,2.0094177178731867,1
621,-0.030802507187164374,-0.2130498305023829,1
622,-1.318457490160582,1.032970947500123,0
623,0.34083880896035545,0.8438092965131702,1
624,1.1084620495548083,0.6555486049808825,1
625,1.3153602220333154,2.6209223549289504,1
626,1.042059437832128,1.3494196069437085,1
627,0.25645711106438707,0.4059887038377017,1
628,2.5462839711895304,1.1876392115800518,1
629,2.006738013588424,2.147409041755268,1
630,1.3992865530681011,0.31229172938764516,1
631,0.864504782580616,2.415491892085673,1
632,-1.3209581055072044,1.4131460622584,0
633,1.8495445322229267,2.1198145052771418,1
634,-1.1609571830867085,1.5576660196422565,0
635,1.909391265966691,2.7989930076860503,1
636,1.7051507300102098,1.9792714982854565,1
637,1.417729708132382,2.102087724507405,1
638,0.471581046316981,-0.16298140918993487,1
639,0.4668318566055705,1.9689766797746453,1
640,1.005450666729486,0.05888737259658672,1
641,0.4106027634497056,0.33821553639738305,1
642,-2.55778158045593,3.1036450433760967,0
643,1.4613008495938162,2.309143650243356,1
644,-0.48387124301682854,0.5507995057222754,0
645,0.6822581266166065,1.9077389078703477,1
646,1.6474353914842403,1.849922670534984,1
647,-1.3455160179320984,0.7125525383235185,0
648,1.7108381593883273,0.32201019136401143,1
649,0.23451022840260072,0.4593128161812271,1
650,0.748189909110155,2.589698145834703,1
651,-0.8009453843960856,1.3094106653809403,0
652,1.030424131647999,0.5688705210939566,1
653,1.0522927889756695,-1.174565382260023,1
654,-0.061341796007106875,-1.151990295470954,1
655,0.8928279638531391,-0.5858553816795806,1
656,-1.94699094712663,2.7771133454046275,0
657,2.11378002075381,0.5963554041597972,1
658,1.2566897718689525,0.45508620299671204,1
659,0.3357358559475535,-0.10136869420196337,1
660,0.5011767016550155,0.20242720265989622,1
661,1.04797381830987,1.6699327265805213,1
662,0.21391114334058137,-0.39191480413022073,1
663,0.8604912446769887,2.1844341237315006,1
664,-0.030730504089032995,-0.15282028442858542,0
665,1.2591881655275978,0.680722544706915,1
666,1.024324781493984,1.4258862236570873,1
667,0.9842163536899402,-1.783664133771581,0
668,0.6646311264351054,0.4138686831627152,1
669,-0.08682055612883488,1.0368580196769763,1
670,0.48592256150577195,0.3688536097573169,1
671,0.40394973933201994,-1.6011318849789504,0
672,-0.6758887930671038,-2.176032001824426,1
673,0.40912626564128496,0.2981331739972317,1
674,0.5249557309990118,-0.4495422778389311,1
675,1.268610560813217,0.38982522468963415,1
676,0.7739745547648712,2.2678796968821766,1
677,1.9728375034562786,0.8184049006950332,1
678,0.6495497301985038,0.3181648321428765,1
679,1.04748564719149,2.32784277432288,1
680,-0.8146341351032387,0.20179233740994373,1
681,1.0061379369143388,0.8131115678690706,1
682,0.9102260344430141,0.2033014851458359,1
683,1.41881852339048,2.3752288798982386,1
684,1.464429220257491,2.703307972460281,1
685,0.3834288200596523,-0.617534868699978,1
686,1.5345789915158616,2.7203338395456695,1
687,1.6702198761111713,1.7672058185216164,1
688,1.1146457785755355,1.0465192928004585,1
689,0.5925433936340371,1.7893553067251258,1
690,1.2923504823459566,1.7886364682629332,1
691,-0.8846511141844096,0.17336080616596095,0
692,1.856566895722383,1.7848295690335143,1
693,1.4598725053880628,1.091709671500519,1
694,1.8693330138758806,2.0887573644611175,1
695,-1.4726769542298364,2.057392870601059,0
696,1.0086624445549728,0.5509242858095417,1
697,2.1358879196410694,1.5038215756272955,1
698,-1.1851222198438203,2.0635642496226128,0
699,0.3384945903062738,0.22348346109187622,1
700,-0.5774738465644047,-0.38790966683101025,1
701,1.0758240133780035,1.0188238439671364,1
702,1.4414095131158362,1.0694311450225502,1
703,1.2895562848438855,2.008014547714518,1
704,0.7601319199694551,-0.025103845887770926,1
705,1.0457633007073002,0.04433828045831023,1
706,2.135935459999186,2.8805093819185794,1
707,0.3750906378221627,-0.7924534305423354,1
708,0.8304661178682047,0.4173246630067853,1
709,1.4789369616506984,1.0385530665984066,1
710,-0.018929764300290697,0.7993322246258434,0
711,0.6379815116395442,0.5133948357296226,1
712,-1.6369413600900802,1.3672089872358386,0
713,-0.46718141194333296,0.476958354090953,0
714,1.8332286262978779,1.5425246100698051,1
715,0.4275495206493467,-1.9197197071661736,0
716,0.6861410887243212,-0.3356909164100166,1
717,0.6653996036194927,2.144527507852962,1
718,-0.022395679755326525,0.12011021053832771,1
719,0.6316562110771825,0.395966157647472,1
720,0.8526814049478282,0.7472536092201408,1
721,-0.641211756947053,1.610525528519041,0
722,1.1320060455314045,1.9486792383321634,1
723,1.3487494111666778,2.2861457973695565,1
724,1.5703566576902608,1.459185127081155,1
725,0.6141170482887426,0.7330855954374311,1
726,1.648855123103559,0.34528111230515696,1
727,0.6322134042399594,0.33652793205731685,1
728,1.0090663614803557,1.2104431603485193,1
729,0.1932823963317737,-0.8678173838101966,1
730,1.1637719841836516,1.3536204102638365,1
731,0.0378233510860172,-0.7721636934636369,1
732,1.1957696164246536,1.0158858199445762,1
733,1.419965188041761,0.7959114103119291,1
734,-0.7696881447735979,-0.447731259300052,1
735,1.206670665181394,0.2655796135252939,1
736,2.1095144216912933,0.7786180389517259,1
737,1.0638520135723506,1.5945252931883058,1
738,1.0501256811458881,0.8623601573691618,1
739,1.4304619625351511,1.3896460079523547,1
740,0.10227405406624768,-1.0681384255111128,1
741,0.6599383498884639,1.4124865285938795,1
742,1.71489053918018,2.8330561183789467,1
743,0.37456759101325887,0.14256143888794437,0
744,0.2512224935363724,0.016212725343705103,1
745,1.1626546849926507,1.9598716153459677,1
746,0.23755553993793144,-0.3124582608644717,1
747,0.6399669379434542,0.7402924919346539,1
748,0.6679314858169771,1.9789549748338322,1
749,1.1780631943438102,1.8042003720342048,1
750,0.7647681694175638,1.4550420258447168,1
751,-0.5075553234305858,-0.3982744693464253,0
752,2.15383572751294,1.5372593994153148,1
753,1.736481088566407,1.6048529168636558,1
754,1.145019146049878,0.5913265450097489,1
755,2.017343239240276,1.1902541103085027,1
756,0.7969240681793063,0.8808164509923682,1
757,0.2453420656191141,-0.5062391172837803,0
758,1.433577707852999,1.7806812625561004,1
759,1.2901685064506008,1.9660889434995634,1
760,0.7375743218681988,-0.8389951148872121,1
761,0.2601194715592998,-1.2884589896480654,1
762,-0.002733052226017496,0.10299343475197587,1
763,0.2870223442004146,-0.33464360958937056,1
764,1.9151039105631928,2.2974029626139334,1
765,0.9549386576381813,1.5333610370297408,1
766,0.3166399902962111,0.914122735328379,1
767,1.133042738421516,1.998613186666027,1
768,0.2689000405003755,1.0973640245658463,1
769,1.415618191779975,1.529529487740772,1
770,0.8468454996842628,1.2223694344165619,1
771,1.2062633199822834,-0.2629174868930708,1
772,1.1101474825148487,1.6836292631966323,1
773,0.47693004718828597,-0.025258860505355085,1
774,1.1843216825562726,1.7790749171270626,1
775,0.46666685452140594,0.1555082046216596,1
776,0.9277410119525463,1.3097873481618065,1
777,0.987754785624999,0.9621605698621525,1
778,0.341923510183085,-0.6426074989448054,1
779,-0.13331133654715555,0.3031696884536319,1
780,0.25562129256245125,1.4583075650447568,1
781,1.091731152230085,1.1370985321273028,1
782,0.737674072639321,1.3542294916846178,1
783,0.5821580699189411,-0.5813810842618516,1
784,-0.9431747748907866,1.4717994526472449,0
785,0.1974126313798762,0.959335137289181,1
786,0.9909016463038812,0.13804959530405347,1
787,0.972533738236534,0.44516621379566906,1
788,0.6869006490890092,0.361323845081073,1
789,0.532985552602601,-0.5274792650574789,0
790,1.856385238659393,3.560236357988586,1
791,-0.18840592813306412,0.8316065781922699,1
792,1.9938939844117405,0.892292277596511,1
793,0.8966282539052477,0.3987641514803309,1
794,1.7327316559505443,3.2168780489572795,1
795,0.7126226995104687,0.5845484569092185,1
796,0.44721969759385516,1.2164128240833916,1
797,0.8785307088923348,1.4909608738204285,1
798,-0.902855194982378,-0.220103817709838,0
799,0.7851289707168935,0.479352710678704,1
800,1.3236792355548954,1.3910408539361878,1
801,-0.8194931376194285,-0.24702161494374453,1
802,1.4924774930610574,1.3168826515435543,1
803,1.0009288438392192,0.5542461100420975,1
804,1.664416405517024,0.8414262263063107,1
805,0.8091116161058238,-0.8328449439453418,1
806,0.7684378353307937,0.762528338844271,1
807,-0.3612822611813058,0.7388104482327357,1
808,0.1413627323425225,0.14609926981010013,1
809,-0.21309206557026106,1.2309123638496242,1
810,0.9968918620468502,1.3052218624536471,1
811,0.7424704692184511,-0.26141899716647843,1
812,0.9521209438536157,1.1077594006069313,1
813,1.305250684288692,1.9099437312084733,1
814,0.514294954431811,0.9989223530827228,1
815,0.12376254846842216,1.0197548218848531,1
816,0.9335905928001762,0.756038507890113,1
817,0.5874310185521161,0.3249550880171563,1
818,1.4779560540202197,0.7679204117356484,1
819,-0.13490583231591502,0.29029909494537953,1
820,0.4177183188064059,0.4796903943928317,1
821,0.7306606327659612,1.5250299205495934,1
822,-0.19087349731950454,0.7448683100710904,1
823,0.4480250658438449,0.9311406828926405,1
824,-0.7418655405184926,-0.033606667677300917,1
825,-0.13414233317943813,0.08230805499167793,1
826,1.031194199071981,1.1266727647000208,1
827,1.8908460630224213,2.319670048011193,1
828,0.6970102801240844,0.6504042630288327,1
829,0.11561050291851094,-0.7750012562652875,1
830,1.8638280644855982,2.549137159335449,1
831,0.18706533978354334,0.4114302480861033,1
832,1.1323576351202385,1.5158257506194528,1
833,0.12455244817895006,-1.387711543876925,1
834,0.7463745420596349,-0.07053926431319424,1
835,1.8197999428673959,2.3651795268224385,1
836,2.2449824695497607,2.430673835500726,1
837,-0.1326468489315633,-0.07945607149008616,1
838,1.3178690800448556,1.9486737753448862,1
839,-0.027635605822424858,0.8352932673283664,1
840,0.6850932857346652,-0.3607766832004602,0
841,0.5953680712528596,2.3090983441125212,1
842,1.5792398381381676,1.1292166751917467,1
843,1.630491612356805,1.8051251757620548,1
844,0.3635923787924316,0.49609789315591746,1
845,-0.04454537301960748,1.341202273945566,1
846,1.8640553963148025,0.972306709026322,1
847,0.6862563940388127,0.3028332297633906,1
848,0.5768761195942804,0.23048702952261058,1
849,0.5716574979184319,0.686629363969278,1
850,0.03563387689818853,1.0820246876863955,1
851,-0.5326050352126458,1.1985512651225574,0
852,1.2919499126133704,-0.16327408026295065,1
853,-1.6426309437550537,1.387858484703079,0
854,1.7040567390861932,0.022853240343023162,1
855,0.1997567929986993,0.5743463351390047,1
856,0.6249240184435039,-0.34594282376821495,0
857,0.41598894629247524,0.8542207966597305,1
858,-0.5144463806898394,1.6289806552671873,0
859,1.311881557010941,1.139122104497206,1
860,0.7549438517672948,0.9332987009746753,1
861,0.7190164821123876,1.106779880658485,1
862,0.5116394281470231,1.348896097267078,1
863,0.2260275898251749,1.3641626895449543,1
864,1.0961064323825067,0.36989381117602405,1
865,0.6913686796800274,1.367044505260081,1
866,0.6319967251802918,-0.3012946642085308,1
867,-0.08278979566923328,1.461679625498384,1
868,0.6706812344200026,0.6975730200492848,1
869,0.8898874709666015,0.08933482717014118,1
870,1.1698004547274703,0.6763594413150709,1
871,0.7679698644530959,0.37483016954950016,1
872,0.6679882302398652,1.3330876410254002,1
873,1.17448926054499,-0.3594168028332323,1
874,-1.5987977202267538,0.7768714680086022,0
875,0.7180728889524098,1.495729113792123,1
876,0.35203281996809366,-0.2659689661480409,1
877,-0.5704423710789608,0.2205978343359596,1
878,0.5283093995514203,1.0905668650004832,1
879,-0.3837571154338453,1.2190341708924528,1
880,1.9879704929874191,1.7924984173894467,1
881,2.0784684897296533,0.381727717614626,1
882,0.202159711038421,0.8177482199993411,1
883,-2.0249603120082975,1.5957718495053532,0
884,-0.8816952554632003,0.16816443878044174,0
885,-0.9441664760623579,0.9146347627375933,0
886,0.10693601321646873,0.4575694549867145,1
887,0.8291815487351882,0.01205511165941442,1
888,0.2898702920688194,0.1349803939259021,1
889,0.9367415359632765,1.7939937426482424,1
890,0.12095065766302071,-0.1159100783714535,1
891,-1.3682093331293017,1.9935488945788844,0
892,2.502513320950655,1.4448132036078665,1
893,1.4372953262482628,1.5281156993743576,1
894,1.6989540528807578,-0.36130270060577163,1
895,0.18062332861149077,-0.14808662183928956,1
896,0.8178597895280431,-1.2995402348567622,1
897,0.9874394083556636,1.7950265557663758,1
898,0.4126466106264407,0.3902017425712278,1
899,1.3446496103960193,0.7311069249591328,1
900,0.33914365513346856,-0.4870144385033315,0
901,1.3587617857672223,1.0813696029536568,1
902,1.0258007571829744,-0.3677422739024656,1
903,0.9166223631136978,0.385139461497855,1
904,0.4141661378235752,0.15769995675525839,1
905,-0.6291454209050287,-0.36727056264321223,1
906,1.4113830016119708,1.9940133070185606,1
907,1.4526597393460121,1.388254427783245,1
908,1.7202159465666018,1.1232252071115891,1
909,1.2724183348972997,0.3957928440114273,1
910,0.3931229064652867,1.7229956554274923,0
911,1.3328514130230773,2.173498598186618,1
912,-0.18860760307969626,1.0914863230477243,0
913,0.8311481573378264,1.6372981619382592,1
914,1.4621550690585217,0.6441004959400127,1
915,0.6702890636002916,0.1635422554521876,0
916,0.588570195438894,1.9276768242906772,1
917,0.9253399684342801,2.582246400946952,1
918,0.7846434618894483,-0.1030996658813409,1
919,1.205365816893326,1.8929849414226814,1
920,0.9069930173290633,1.8916404643355214,1
921,1.0270190143848197,0.9648328520833258,1
922,-0.2548429543273043,0.955761810794227,1
923,0.7300079663567833,-0.005504760360071637,1
924,1.6352417909241106,1.1503343883531936,1
925,1.3131877858389267,0.18591138663548268,1
926,0.5499528991809806,0.4619039821727561,1
927,1.6299310291224849,0.8588968996808427,1
928,1.2253847461188911,1.596041990307814,1
929,0.6689150330714801,-1.4625416664797475,1
930,0.1375250990086999,0.13414647642938005,0
931,-0.7434420240364727,-0.18523978406984853,1
932,0.7241631684444569,0.5760045592362718,1
933,0.8354687117956298,1.2280993960243651,1
934,0.6460206819992568,-1.0448345199953175,1
935,-0.5616749974333307,0.5033076216379293,0
936,0.35092937847051986,0.28689865743318843,1
937,-0.2767043563095464,0.6847836192590304,1
938,1.023826325409969,2.862994042742148,1
939,-0.6760813447080166,0.09800351730188095,0
940,1.6135863891241726,1.7545889016135527,1
941,1.61403778508798,0.9679288621680395,1
942,0.618529517441621,-0.8630638986559607,1
943,0.31607145429234385,0.22294474239683937,1
944,-0.17046803374496833,-0.3566391741895514,1
945,1.198078668489322,1.1175824121698734,1
946,1.610750756684598,-0.04520146009679815,1
947,0.33992214057753556,1.3709734736996368,1
948,2.4825008117527316,1.3078152709821644,1
949,2.942112969190852,2.4555599217341064,1
950,1.5361183178528863,1.3431875937249351,1
951,1.4624291329595065,0.7193363236148735,1
952,0.20806858756247204,-0.4000824922837487,1
953,0.11151231568407582,0.10155534295642732,1
954,0.2370588865566945,-0.44580751584044487,1
955,1.276379580842536,0.02400660713695746,1
956,-0.6953683662859218,-0.3239071145352017,1
957,-0.2980390853039647,0.03429270000558027,1
958,-0.794164176011497,1.4780469752105618,0
959,-0.5163692048710129,-0.1877154723058484,0
960,-0.5398941398012118,-1.2724629179531688,1
961,0.10698117035714194,2.12335428299909,1
962,-1.7190540091153113,0.8916484871330776,0
963,0.02031116119740417,1.2728980254340923,1
964,0.526730902120783,-0.3996740323381258,1
965,1.002270006465261,0.9604923123602984,1
966,0.6991662741743847,-1.2570903748822688,1
967,1.2968768526645238,1.1590788026841472,1
968,0.7347397057741354,-1.9097513542468658,0
969,0.5954035967477904,1.4353728075675452,1
970,0.7035236877258165,2.12130027819887,1
971,0.26622359875274837,0.4369036101531077,1
972,1.0705080602119565,1.5352467497519808,1
973,0.6689136283885138,-0.7639872189074752,1
974,-0.4224023540999926,0.16870236289250617,1
975,0.867022040711402,0.5729076137484044,1
976,-0.8015211553818005,1.6342554820875854,0
977,0.5748514356934926,0.6452937905556564,1
978,2.0490960397608635,1.9443271624494103,1
979,0.836317912299829,1.258123045730221,1
980,-0.48797876163297005,-0.04023590742647831,1
981,1.4572991048329895,0.9818968201096185,1
982,-0.8353628700450308,-0.6596177454823056,1
983,1.3761068496405755,1.3099474859820395,1
984,0.844162585616357,0.38959483916893567,1
985,-0.913736470511904,0.523117197456765,1
986,-0.2212531804212139,-0.5044665306660199,1
987,0.7112654062977373,0.5697596550569952,1
988,0.8124991889849408,0.18082005883929997,1
989,0.8066036483612822,0.8497863673244509,1
990,2.0464304014950847,2.905794056649187,1
991,0.6539665294474653,0.6286281784102903,1
992,0.8403460405425218,0.260753563937133,1
993,1.0842692480101503,-0.3143776322435776,1
994,1.2577659011446303,2.26230126647992,1
995,1.1128011801724744,0.9401140806269858,1
996,1.1410097640510795,1.0255723125760068,1
997,-2.1767396512439845,2.837289512841191,0
998,0.9015483958405941,1.2669515646483966,1
999,1.1802899689765454,0.6734124490996063,1
